day,strategy,seed,score
11,0,0,1926
11,4,11,3503
11,4,1011,4159
11,1,11,643
12,0,0,5043
12,4,12,0
12,4,1012,1800
12,1,12,0
13,0,0,3596
13,4,13,1122
13,4,1013,7692
13,1,13,0
14,0,0,4838
14,4,14,1800
14,4,1014,9062
14,1,14,0
15,0,0,2443
15,4,15,877
15,4,1015,2443
15,1,15,0
16,0,0,4798
16,4,16,4513
16,4,1016,2163
16,1,16,0
17,0,0,1755
17,4,17,2592
17,4,1017,838
17,1,17,1122
18,0,0,0
18,4,18,1800
18,4,1018,1755
18,1,18,1755
19,0,0,5850
19,4,19,3555
19,4,1019,4382
19,1,19,1296
20,0,0,2022
20,4,20,0
20,4,1020,4045
20,1,20,1755
21,0,0,4153
21,4,21,1286
21,4,1021,1379
21,1,21,0
22,0,0,838
22,4,22,1800
22,4,1022,4848
22,1,22,0
23,0,0,4465
23,4,23,643
23,4,1023,4558
23,1,23,0
24,0,0,1286
24,4,24,2124
24,4,1024,4645
24,1,24,0
25,0,0,7058
25,4,25,6437
25,4,1025,4378
25,1,25,838
26,0,0,877
26,4,26,1296
26,4,1026,3179
26,1,26,0
27,0,0,4073
27,4,27,6312
27,4,1027,1800
27,1,27,838
28,0,0,3179
28,4,28,2677
28,4,1028,1800
28,1,28,1755
29,0,0,8074
29,4,29,3276
29,4,1029,2677
29,1,29,0
30,0,0,2245
30,4,30,0
30,4,1030,2721
30,1,30,643
31,0,0,7651
31,4,31,8521
31,4,1031,4699
31,1,31,643
32,0,0,4393
32,4,32,6974
32,4,1032,1926
32,1,32,0
33,0,0,1800
33,4,33,1122
33,4,1033,0
33,1,33,0
34,0,0,3341
34,4,34,2758
34,4,1034,1800
34,1,34,0
35,0,0,3799
35,4,35,838
35,4,1035,643
35,1,35,0
36,0,0,1800
36,4,36,4434
36,4,1036,7717
36,1,36,0
37,0,0,3121
37,4,37,3179
37,4,1037,5800
37,1,37,838
38,0,0,3677
38,4,38,4393
38,4,1038,1379
38,1,38,0
39,0,0,3179
39,4,39,6809
39,4,1039,0
39,1,39,0
40,0,0,1755
40,4,40,6878
40,4,1040,1800
40,1,40,0
41,0,0,2638
41,4,41,8513
41,4,1041,0
41,1,41,0
42,0,0,3858
42,4,42,5093
42,4,1042,2124
42,1,42,0
43,0,0,4558
43,4,43,0
43,4,1043,1800
43,1,43,0
44,0,0,2962
44,4,44,1800
44,4,1044,5085
44,1,44,0
45,0,0,6905
45,4,45,3179
45,4,1045,2443
45,1,45,0
46,0,0,1122
46,4,46,0
46,4,1046,5043
46,1,46,0
47,0,0,3446
47,4,47,4435
47,4,1047,0
47,1,47,0
48,0,0,4558
48,4,48,0
48,4,1048,1800
48,1,48,1122
49,0,0,2922
49,4,49,3320
49,4,1049,4198
49,1,49,0
50,0,0,4883
50,4,50,4558
50,4,1050,3515
50,1,50,0
51,0,0,6356
51,4,51,1765
51,4,1051,0
51,1,51,0
52,0,0,2638
52,4,52,2245
52,4,1052,877
52,1,52,0
53,0,0,7800
53,4,53,5210
53,4,1053,838
53,1,53,1122
54,0,0,6610
54,4,54,3179
54,4,1054,5971
54,1,54,0
55,0,0,5570
55,4,55,6486
55,4,1055,1379
55,1,55,0
56,0,0,4393
56,4,56,5396
56,4,1056,3086
56,1,56,0
57,0,0,0
57,4,57,0
57,4,1057,7042
57,1,57,0
58,0,0,2443
58,4,58,877
58,4,1058,0
58,1,58,0
59,0,0,2638
59,4,59,0
59,4,1059,2245
59,1,59,0
60,0,0,2677
60,4,60,3598
60,4,1060,1800
60,1,60,0
11,2,0,0
12,2,0,0
13,2,0,0
14,2,0,0
15,2,0,0
